Threads,Time(s)
1,14.4187
2,5.50154
3,3.59343
4,2.91245
5,3.24512
6,2.92728
7,2.79933
8,2.72902
